sku,manufacturer,name,categories,url_path,price,weight,product_weight,short_description,description,features,gallery,image,small_image,thumbnail,color,dimensions,ship_depth,ship_width,ship_height,enabled,websites,qty
14568,Safety 1st,Top of Mattress Bed Rail,Accessories,/accessories/top-of-mattress-bed-rail,62.99,3.2,2.9,It offers additional security by attaching at the top of the mattress instead of adjacent to the mattress like traditional style bed rails.,It offers additional security by attaching at the top of the mattress instead of adjacent to the mattress like traditional style bed rails. A colour coded safety position indicator lets the parent know when properly positioned and locked. Eliminates possible entrapment between bed and bed rail. The bed rail meets ASTM bed rail standards and cannot be used in place of a crib or on a bunk bed or a bed with inflatable mattress.,,,/top-of-mattress-bedrail-safety-1st-014568-1200x1200-1.jpg,/top-of-mattress-bedrail-safety-1st-014568-450x450-1.jpg,/top-of-mattress-bedrail-safety-1st-014568-120x120-1.jpg,,91 x 32 x 45cm,91,32,45,1,sf1_base,1
16075,Safety 1st,Sentry Harnessed Carseat,Car Seats,/car-seats/sentry-harnessed-carseat,379.00,8.4,6.8,Fully harnessed booster seat for your child.,Child remains fully harnessed from 6 months to 8 years of age providing extra protection for an additional 4 years.,,,/car-seat-sentry-harnessed-3qtr-safety-1st-016075-1200x1200.jpg,/car-seat-sentry-harnessed-3qtr-safety-1st-016075-450x450.jpg,/car-seat-sentry-harnessed-3qtr-safety-1st-016075-120x120.jpg,Grey,49 x 46 x 76cm,49,46,76,1,sf1_base,1
16168,Safety 1st,Apex,Car Seats,/car-seats/apex,199.00,5,4.2,"The Apex Unharnessed Booster Seat provides exceptional protection for your child. Suitable for children 4 years to 8 years of age. Featuring <a href=""http://www.airprotect.com.au/"" target=""_blank"">Air Protect</a> &reg; Superior Side Impact Protection, and ventilated mesh sides, this seat will keep your child comfortable in summer months. Parents and children will love the large easy access cup holders that will help keeps drink spillages off your vehicles seats, giving you more time to Discover Life Safely.","The Apex Unharnessed Booster Seat provides exceptional protection for your child. Suitable for children 4 years to 8 years of age. Featuring <a href=""http://www.airprotect.com.au/"" target=""_blank"">Air Protect</a> &reg; Superior Side Impact Protection, and ventilated mesh sides, this seat will keep your child comfortable in summer months. Parents and children will love the large easy access cup holders that will help keeps drink spillages off your vehicles seats, giving you more time to Discover Life Safely.",,,/booster-seat-apex-ap-black-safety-1st-016168-1200x1200-1.jpg,/booster-seat-apex-ap-black-safety-1st-016168-450x450-1.jpg,/booster-seat-apex-ap-black-safety-1st-016168-120x120-1.jpg,Black,45 x 45 x 83cm,45,45,83,1,sf1_base,1
16169,Safety 1st,Prime AP,Car Seats,/car-seats/prime-ap,299.00,7.8,5.8,The Safety 1st Prime AP is a convertible booster seat which will protect your child from 6 months up to approximately 8 years.,"The Safety 1st Prime AP is a convertible booster seat which will protect your child from 6 months up to approximately 8 years.Featuring Air Protect, your child will be protected by our superior side impact technology in the instance of an accident.The included infant Insert and harness pads feature our NEW Natural Antibacterial Protection which will keep your child healthy by inhibiting the growth of harmful bacteria and odour.The ventilated air mesh sides on the Safety 1st Prime AP Convertible Booster Seat means that your child will be cooler in hot summer months as well!The Safety 1st Prime AP Convertible Booster Seat is designed with a new narrow base to enable 3 car seats to fit across the back seat of a standard vehicle for parents with multiple children.",,,,,,Grey Marle,46 x 44 x 79cm,46,44,79,2,sf1_base,1
16521,Safety 1st,Prime AP,Car Seats,/car-seats/prime-ap,299.00,7.8,5.8,The Safety 1st Prime AP is a convertible booster seat which will protect your child from 6 months up to approximately 8 years.,"The Safety 1st Prime AP is a convertible booster seat which will protect your child from 6 months up to approximately 8 years.Featuring Air Protect, your child will be protected by our superior side impact technology in the instance of an accident.The included infant Insert and harness pads feature our NEW Natural Antibacterial Protection which will keep your child healthy by inhibiting the growth of harmful bacteria and odour.The ventilated air mesh sides on the Safety 1st Prime AP Convertible Booster Seat means that your child will be cooler in hot summer months as well!The Safety 1st Prime AP Convertible Booster Seat is designed with a new narrow base to enable 3 car seats to fit across the back seat of a standard vehicle for parents with multiple children.",,,/prime-convertable-booster-seat-teal-3qtr-safety-1st-016521-1200x1200.jpg,/prime convertable-booster-seat-teal-3qtr-safety-1st-016521-450x450.jpg,/prime convertable-booster-seat-teal-3qtr-safety-1st-016521-120x120.jpg,Teal Marle,46 x 44 x 79cm,46,44,79,1,sf1_base,1
16522,Safety 1st,Prime AP,Car Seats,/car-seats/prime-ap,299.00,7.8,5.8,The Safety 1st Prime AP is a convertible booster seat which will protect your child from 6 months up to approximately 8 years.,"The Safety 1st Prime AP is a convertible booster seat which will protect your child from 6 months up to approximately 8 years.Featuring Air Protect, your child will be protected by our superior side impact technology in the instance of an accident.The included infant Insert and harness pads feature our NEW Natural Antibacterial Protection which will keep your child healthy by inhibiting the growth of harmful bacteria and odour.The ventilated air mesh sides on the Safety 1st Prime AP Convertible Booster Seat means that your child will be cooler in hot summer months as well!The Safety 1st Prime AP Convertible Booster Seat is designed with a new narrow base to enable 3 car seats to fit across the back seat of a standard vehicle for parents with multiple children.",,,,,,Red Marle,46 x 44 x 79cm,46,44,79,2,sf1_base,1
16170,Safety 1st,Summit ISO AP,Car Seats,/car-seats/summit-iso-ap,429.00,10.8,9.8,"The Summit ISO AP is our most innovative convertible car seat, that grows with your child. Easily converting from a rearward-facing to forward-facing seat, the Summit ISO AP also has an easy inbuilt harness system, and a one hand recline for comfort feature. Featuring Air Protect Advanced Side Impact Protection, and our NEW Natural Antibacterial Protection which inhabits the growth of bacteria caused by perspiration, spills or accidents, this car seat is suitable for children aged newborn to approx 4 years of age. The Summit ISO AP is exclusive to Baby Bunting.","The Summit ISO AP is our most innovative convertible car seat, that grows with your child. Easily converting from a rearward-facing to forward-facing seat, the Summit ISO AP also has an easy inbuilt harness system, and a one hand recline for comfort feature.Featuring <a href=""http://www.isogo.com.au/"" target=""_blank"">ISOGO</a> , <a href=""http://www.airprotect.com.au/"" target=""_blank"">Air Protect</a> &reg; Advanced Side Impact Protection, and our NEW <a href=""https://www.safety1st.com.au/natural-antibacterial-protection"" target=""_blank"">Natural Antibacterial Protection</a> which inhabits the growth of bacteria caused by perspiration, spills or accidents, this car seat is suitable for children aged newborn to approx 4 years of age. The Summit ISO AP is exclusive to Baby Bunting.",,,/summit-ap-convertable-car-seat-red-3qtr-layed-back-safety-1st-017025-1200x1200.jpg,/summit-ap-convertable-car-seat-red-3qtr-layed-back-safety-1st-017025-450x450.jpg,/summit-ap-convertable-car-seat-red-3qtr-layed-back-safety-1st-017025-120x120.jpg,Grey Marle,47 x 47 x 66cm,47,47,66,1,sf1_base,1
16523,Safety 1st,Summit ISO AP,Car Seats,/car-seats/summit-iso-ap,429.00,10.8,9.8,"The Summit ISO AP is our most innovative convertible car seat, that grows with your child. Easily converting from a rearward-facing to forward-facing seat, the Summit ISO AP also has an easy inbuilt harness system, and a one hand recline for comfort feature. Featuring Air Protect Advanced Side Impact Protection, and our NEW Natural Antibacterial Protection which inhabits the growth of bacteria caused by perspiration, spills or accidents, this car seat is suitable for children aged newborn to approx 4 years of age. The Summit ISO AP is exclusive to Baby Bunting.",,,,,,,Teal Marle,47 x 47 x 66cm,47,47,66,2,sf1_base,1
17026,Safety 1st,Summit AP,Car Seats,/car-seats/summit-ap,399.00,10.3,9.3,"The Summit AP convertible car seat gives your little one the best possible protection from birth to approx 4 years of age. Featuring Air Protect Superior Side Impact Protection, and our NEW Natural Antibacterial Protection which inhabits the growth of bacteria caused by perspiration, spills or accidents, this convertible car seat is your safest option for both rearward facing and forward facing positions, allowing you to keep your child rearward facing for 12 months. The Summit AP has an inbuilt 5 position headrest adjustment and a one hand recline for comfort feature.","The Summit AP convertible car seat gives your little one the best possible protection from birth to approx 4 years of age. Featuring <a href=""http://www.airprotect.com.au/"" target=""_blank"">Air Protect &reg;</a> Superior Side Impact Protection, and our NEW <a href=""https://www.safety1st.com.au/natural-antibacterial-protection"" target=""_blank"">Natural Antibacterial Protection</a> which inhabits the growth of bacteria caused by perspiration, spills or accidents, this convertible car seat is your safest option for both rearward facing and forward facing positions, allowing you to keep your child rearward facing for 12 months. The Summit AP has an inbuilt 5 position headrest adjustment and a one hand recline for comfort feature.",,,/summit-ap-convertable-car-seat-red-3qtr-safety-1st-017026-1200x1200.jpg,/summit-ap-convertable-car-seat-red-3qtr-safety-1st-017026-450x450.jpg,/summit-ap-convertable-car-seat-red-3qtr-safety-1st-017026-120x120.jpg,Red Marle,47 x 47 x 66cm,47,47,66,1,sf1_base,1
17024,Safety 1st,Summit AP,Car Seats,/car-seats/summit-ap,399.00,10.3,9.3,"The Summit AP convertible car seat gives your little one the best possible protection from birth to approx 4 years of age. Featuring Air Protect Superior Side Impact Protection, and our NEW Natural Antibacterial Protection which inhabits the growth of bacteria caused by perspiration, spills or accidents, this convertible car seat is your safest option for both rearward facing and forward facing positions, allowing you to keep your child rearward facing for 12 months. The Summit AP has an inbuilt 5 position headrest adjustment and a one hand recline for comfort feature.",,,,,,,Grey Marle,47 x 47 x 66cm,47,47,66,2,sf1_base,1
17025,Safety 1st,Summit AP,Car Seats,/car-seats/summit-ap,399.00,10.3,9.3,"The Summit AP convertible car seat gives your little one the best possible protection from birth to approx 4 years of age. Featuring Air Protect Superior Side Impact Protection, and our NEW Natural Antibacterial Protection which inhabits the growth of bacteria caused by perspiration, spills or accidents, this convertible car seat is your safest option for both rearward facing and forward facing positions, allowing you to keep your child rearward facing for 12 months. The Summit AP has an inbuilt 5 position headrest adjustment and a one hand recline for comfort feature.",,,,,,,Teal Marle,47 x 47 x 66cm,47,47,66,2,sf1_base,1
14911,Safety 1st,Rhombus Portacot & Playpen,Accessories,/accessories/rhombus-portacot-and-playpen,179.00,1,,Safe and stylish playpen for your child to play and sleep in.,"Featuring a unique octagonal design, the Rhombus provides spacious play area while occupying less floor space. Lightweight, easy to use, carry and store is ideal for sleep time or playtime.",,,,,,,,,,,2,sf1_base,1
6518,Safety 1st,Outlet Plug Protectors (24 Pack),Home Safety,/home-safety/outlet-plug-protectors-24-pack,5.99,0.065,,A home safety essential. Eliminate the threat of electrical shock,"This set of Outlet Plug Protectors are designed to protect curious tots from electrical shock. Each durable plastic plug fits into any standard Australian outlet, prohibiting children from putting fingers or small objects into the socket.",,,/outlet-plug-covers-24pk-safety-1st-006518-1200x1200.jpg,/outlet-plug-covers-24pk-safety-1st-006518-450x450.jpg,/outlet-plug-covers-24pk-safety-1st-006518-120x120.jpg,,19.5 x 9.5 x 6cm,19.5,9.5,6,1,sf1_base,1
6886,Safety 1st,Cord Short'Ner,Home Safety,/home-safety/cord-short-ner,5.29,0.07,,,,,,,,,,19.4 x 9.2 x 4.1cm,19.4,9.2,4.1,2,sf1_base,1
14508,Safety 1st,Shell Nightlight With Sensor Switch (2 Pack),Home Safety,/home-safety/shell-nightlight-with-sensor-switch-2-pack,13.99,0.08,,For a warm glow that automatically illuminates when the main light is turned off.,This Shell Nightlight provides a soft-glowing light to allow parents to easily check on baby at night without waking them with a full strength light source.,,,,,,,20 x 10.8 x 4.5cm,20,10.8,4.5,2,sf1_base,1
16993,Safety 1st,Shell Nightlight With Sensor Switch,Home Safety,/home-safety/shell-nightlight-with-sensor-switch,7.99,0.04,,For a warm glow that automatically illuminates when the main light is turned off.,This Shell Nightlight provides a soft-glowing light to allow parents to easily check on baby at night without waking them with a full strength light source.,,,/shell-nightlight-with-sensor-switch-safety-1st-016993-1200x1200.jpg,/shell-nightlight-with-sensor-switch-safety-1st-016993-450x450.jpg,/shell-nightlight-with-sensor-switch-safety-1st-016993-120x120.jpg,,16 x 10.8 x 4.5cm,16,10.8,4.5,1,sf1_base,1
6506,Safety 1st,Cabinet Slide Lock (Long),Home Safety,/home-safety/cabinet-slide-lock-long,3.99,0.06,,"Easy to use, essential home safety. Protect your baby from cabinet contents with this adjustable slide lock.",Help to keep your curious crawler from accessing an off-limit side by side cabinet with a sturdy Cabinet Slide Lock. It installs easily to the handles or knobs of the cabinet and helps keep your child away from the contents inside.,,,/cabinet-slide-lock-safety-1st-006506-1200x1200.jpg,/cabinet-slide-lock-safety-1st-006506-450x450.jpg,/cabinet-slide-lock-safety-1st-006506-120x120.jpg,,29.5 x 9.2 x 2cm,29.5,9.2,2,1,sf1_base,1
6516,Safety 1st,Ultra Secure Cabinet & Drawer Latches (4 Pack),Home Safety,/home-safety/ultra-secure-cabinet-and-drawer-latches-4-pack,6.99,0.14,,A genius way to ensure home safety without sacrificing ease of access for adults.,This Ultra Secure Cabinet & Drawer Latch keeps children out of cabinets and drawers and is spring loaded for durability and long lasting use. Unique fold down feature allows the cabinet latch to be disengaged when not in use. Great for use at the Grandparents house or between children.,,,/ultra-secure-cabinet&drawer-latches-safety-1st-006516-1200x1200.jpg,/ultra-secure-cabinet&drawer-latches-safety-1st-006516-450x450.jpg,/ultra-secure-cabinet&drawer-latches-safety-1st-006516-120x120.jpg,,19.4 x 9.2 x 2.8cm,19.4,9.2,2.8,1,sf1_base,1
6835,Safety 1st,Cabinet Flex Lock (2 Pack),Home Safety,/home-safety/cabinet-flex-lock-2-pack,8.99,0.08,,A simple 3 step removal process is easy for adult hands but safely secures cabinet doors from curious little hands.,This three way locking system of the Cabinet Flex Lock will help prevent toddlers from opening two handled cabinets. The easy to install system requires no tools. The three step removal process makes it difficult for little hands.,,,/cabinet-flex-lock-2pk-safety-1st-006835-1200x1200.jpg,/cabinet-flex-lock-2pk-safety-1st-006835-450x450.jpg,/cabinet-flex-lock-2pk-safety-1st-006835-120x120.jpg,,22 x 9.5 x 3cm,22,9.5,3,1,sf1_base,1
7814,Safety 1st,Grip N Go Cabinet Lock (2 Pack),Home Safety,/home-safety/grip-n-go-cabinet-lock-2-pack,9.99,0.1,,"Easy to use, essential home safety. Protect your baby from cabinet contents with the grip n go.",The Grip N Go Cabinet Lock keeps little hands out of cabinets. For peace of mind the SecureTech technology lets you know when the lock had been secured correctly. Can be used on knobs or handles in kitchens and bathrooms.,,,/grip-n-go-cabinet-lock-safety-1st-007814-1200x1200.jpg,/grip-n-go-cabinet-lock-safety-1st-007814-450x450.jpg,/grip-n-go-cabinet-lock-safety-1st-007814-120x120.jpg,,19.4 x 9.2 x 3.1cm,19.4,9.2,3.1,1,sf1_base,1
7850,Safety 1st,Wide Grip Latches (7 Pack),Home Safety,/home-safety/wide-grip-latches-7-pack,5.99,0.1,,A less obvious lock for curious little hands. Hidden inside the doors to preserve aesthetics.,The Wide Grip Latches help keep cabinets off limits to little ones. The easy wide grip surface provides quick access for parents and they are simple to install and easy to use.,,,/wide-grip-latch-safety-1st-007850-1200x1200.jpg,/wide-grip-latch-safety-1st-007850-450x450.jpg,/wide-grip-latch-safety-1st-007850-120x120.jpg,,19.4 x 9.2 x 2.54cm,19.4,9.2,2.54,1,sf1_base,1
11316,Safety 1st,Prograde Flat Screen Tv Lock,Home Safety,/home-safety/prograde-flat-screen-tv-lock,29.99,1.6,,Protect your chidren and TV.,The ProGrade Flat Screen TV Lock from Safety 1st secures your free standing flat screen TV so that it doesn't topple over on your little ones!,,,,,,,47.3 x 17.1 x 6cm,47.3,17.1,6,2,sf1_base,1
12701,Safety 1st,Prograde Pivot Position Cabinet & Drawer Latches (4 Pack),Home Safety,/home-safety/prograde-pivot-position-cabinet-and-drawer-latches-4-pack,9.99,0.09,,Keep children out of cabinets with these versatile latches.,Help keep your curious child from opening cabinets and drawers with ProGrade Pivot Position Cabinet and Drawer Latches by Safety 1st. The versatile design mounts vertically or horizontally and folds conveniently flat and out-of-the-way when not in use.,,,,,,,19.4 x 9.2 x 3.5cm,19.4,9.2,3.5,2,sf1_base,1
13312,Safety 1st,Securetech Cabinet Lock (2 Pack),Home Safety,/home-safety/securetech-cabinet-lock-2-pack,7.99,0.07,,Keep children out of cabinets with these versatile latches.,The SecureTech Cabinet Lock features and easy-to-understand indicator that lets you know when it's locked. This sturdy cabinet lock helps keep children out of cabinets that are off limits.,,,/securetech-cabinet-lock-safety-1st-013312-1200x1200.jpg,/securetech-cabinet-lock-safety-1st-013312-450x450.jpg,/securetech-cabinet-lock-safety-1st-013312-120x120.jpg,,29.5 x 9.2 x 3.5cm,29.5,9.2,3.5,1,sf1_base,1
13444,Safety 1st,Push N Snap Cabinet Lock (2 Pack),Home Safety,/home-safety/push-n-snap-cabinet-lock-2-pack,9.99,0.18,,Keep children out of cabinets with these push and snap locks.,SecureTech technology lets you know that the lock is activated.Can be used in the kitchen or bathroom on knobs and handles. All you need to do is Push and Snap.,,,/push-n-snap-cabinet-lock-safety-1st-013444-1200x1200.jpg,/push-n-snap-cabinet-lock-safety-1st-013444-450x450.jpg,/push-n-snap-cabinet-lock-safety-1st-013444-120x120.jpg,,19.38 x 9.22 x 3.5cm,19.38,9.22,3.5,1,sf1_base,1
13636,Safety 1st,Oven Door Lock,Home Safety,/home-safety/oven-door-lock,8.99,0.16,,Keep children from opening oven doors.,Families gather in the kitchen making the Oven Door Lock ideal for keeping little ones from opening the oven door. This easy to install product is a must in the kitchen.,,,/oven-door-lock-safety-1st-013636-1200x1200.jpg,/oven-door-lock-safety-1st-013636-450x450.jpg,/oven-door-lock-safety-1st-013636-120x120.jpg,,19.38 x 9.22 x 1.91cm,19.38,9.22,1.91,1,sf1_base,1
14929,Safety 1st,Multi Purpose Application Lock,Home Safety,/home-safety/multi-purpose-application-lock,6.99,0.05,,Keep your child out of potentially dangerous appliances.,The Multi-Purpose Appliance Latch helps keep children from accessing potentially dangerous appliances.,,,/multi-purpose-application-lock-charcoal-safety-1st-014929_30-1200x1200.jpg,/multi-purpose-application-lock-charcoal-safety-1st-014929_30-450x450.jpg,/multi-purpose-application-lock-charcoal-safety-1st-014929_30-120x120.jpg,Charcoal,14.3 x 9.22 x 2.54cm,14.3,9.22,2.54,1,sf1_base,1
14930,Safety 1st,Multi Purpose Application Lock (2 Pack),Home Safety,/home-safety/multi-purpose-application-lock-2-pack,10.99,0.09,,Keep your child out of potentially dangerous appliances.,The Multi-Purpose Appliance Latch helps keep children from accessing potentially dangerous appliances.,,,,,,Charcoal,19.38 x 9.22 x 2.54cm,19.38,9.22,2.54,2,sf1_base,1
14931,Safety 1st,Multi Purpose Application Lock,Home Safety,/home-safety/multi-purpose-application-lock,6.99,0.05,,Keep your child out of potentially dangerous appliances.,The Multi-Purpose Appliance Latch helps keep children from accessing potentially dangerous appliances.,,,/multi-purpose-application-lock-white-safety-1st-014931_32-1200x1200.jpg,/multi-purpose-application-lock-white-safety-1st-014931_32-450x450.jpg,/multi-purpose-application-lock-white-safety-1st-014931_32-120x120.jpg,White,14.3 x 9.22 x 2.54cm,14.3,9.22,2.54,1,sf1_base,1
14932,Safety 1st,Multi Purpose Application Lock (2 Pack),Home Safety,/home-safety/multi-purpose-application-lock-2-pack,10.99,0.09,,Keep your child out of potentially dangerous appliances.,The Multi-Purpose Appliance Latch helps keep children from accessing potentially dangerous appliances.,,,,,,White,19.38 x 9.22 x 2.54cm,19.38,9.22,2.54,2,sf1_base,1
8280,Safety 1st,Adjustable Multi Purpose Strap,Home Safety,/home-safety/adjustable-multi-purpose-strap,6.99,0.06,,"Adjustable strap to protect your little one against the risks of accessing kitchen appliances, draws and cupboards.","The Adjustable Multi-Purpose Strap cuts down on kitchen mishaps by keeping toddlers out of kitchen appliances. The new design offers improved function and styling to blend in with modern appliances, draws and cupboards.",,,/adjustable-multi-purpose-strap-safety-1st-008280-1200x1200.jpg,/adjustable-multi-purpose-strap-safety-1st-008280-450x450.jpg,/adjustable-multi-purpose-strap-safety-1st-008280-120x120.jpg,,14.3 x 9.2 x 3.1cm,14.3,9.2,3.1,1,sf1_base,1
11319,Safety 1st,Adjustable Multi Purpose Strap (2 Pack),Home Safety,/home-safety/adjustable-multi-purpose-strap-2-pack,10.99,0.1,,"Adjustable strap to protect your little one against the risks of accessing kitchen appliances, draws and cupboards.","The Adjustable Multi-Purpose Strap cuts down on kitchen mishaps by keeping toddlers out of kitchen appliances. The new design offers improved function and styling to blend in with modern appliances, draws and cupboards.",,,/adjustable-multi-purpose-strap-safety-1st-011319-1200x1200.jpg,/adjustable-multi-purpose-strap-safety-1st-011319-450x450.jpg,/adjustable-multi-purpose-strap-safety-1st-011319-120x120.jpg,,19.4 x 9.2 x 2.5cm,19.4,9.2,2.5,1,sf1_base,1
17116,Safety 1st,Outsmart Multi-Use Lock,Home Safety,/home-safety/outsmart-multi-use-lock,9.99,0.11,,"Curious kids try to get into anything and everything, but the Safety 1st OutSmartâ„¢ Multi Use Lock helps you keep them out with the first ever decoy button. Your child will think that the decoy button opens the lock, but pushing on it has no effect. Youâ€™ll know that the flexible surface hides the actual secret to opening the lock.",This multi-use lock prevents your little explorer from getting into a variety of appliances and can be used to secure cabinets. It is easily attached with an adhesive and is removable when the lock is no longer required.,,,,,,,19.38 x 9.22 x 2.87cm,19.38,9.22,2.87,2,sf1_base,1
17117,Safety 1st,Outsmart Flex Lock,Home Safety,/home-safety/outsmart-flex-lock,9.99,0.1,,"Curious kids try to get into anything and everything, but the Safety 1st OutSmartâ„¢ Flex Lock helps you keep them out with the first ever decoy button. Your child will think that the decoy button opens the lock, but pushing it has no effect. Youâ€™ll know that the flexible surface hides the actual secret to opening the lock.","This cabinet lock prevents your little explorer from getting into side-by-side cabinets and can be used on cabinets with either knobs or handle pulls. It installs easily with no drilling required. The adjustable straps let you get a customized fit for cabinets with hardware up to 8 inches apart. For periods of non-use, this cabinet lock hangs conveniently out of the way, but stays close for when itâ€™s needed again.",,,,,,,19.38 x 9.2 x 2.54cm,19.38,9.2,2.54,2,sf1_base,1
17118,Safety 1st,Outsmart Slide Lock,Home Safety,/home-safety/outsmart-slide-lock,9.99,0.14,,"Curious kids try to get into anything and everything, but the Safety 1st OutSmartâ„¢ Slide Lock helps you keep them out with the first ever decoy button. Your child will think that the decoy button opens the lock, but pushing it has no effect. Youâ€™ll know that the flexible surface hides the actual secret to opening the lock.",This cabinet lock prevents your little explorer from getting into side-by-side cabinets and can be used on cabinets with large knobs or handle pulls. It installs easily with no drilling required and you only need one hand to operate. The OutSmart Slide Lock is designed to work with hardware up to 4.5â€³ apart.,,,,,,,29.54 x 9.22 x 2.54cm,29.54,9.22,2.54,2,sf1_base,1
6833,Safety 1st,Window Blind Cord Windups 2Pk,Home Safety,/home-safety/window-blind-cord-windups-2-pack,4.99,0.05,,Safety 1st takes care of the hazards before you even realise there is one. These essential blind cord winds ups take the risk out of loose cords.,"Safety 1st Window Blind Cord Wind-Ups help you keep your baby from playing with dangling blind cords. The Cord Wind-Ups safely stores excess cords out of your child's reach, but won't interfere with the use of your blinds.",,,,,,,19.38 x 9.22 x 2.87cm,19.38,9.22,2.87,2,sf1_base,1
8262,Safety 1st,Corner Cushion (4 Pack),Home Safety,/home-safety/corner-cushion-4-pack,4.99,0.07,,Essential baby protection for around the home. Preventing corner impact injury during activity.,Protect your active children from sharp corners with our Furniture Corner Cushions. This set of four corner cushions adhere to the corners of tables or counter tops to protect your children from injury. Self adhesive or can be screwed into place for extra durabilty. Clear rubber gel to preserve furniture aesthetics.,,,/furniture-corner-cushions-safety-1st-008262-1200x1200.jpg,/furniture-corner-cushions-safety-1st-008262-450x450.jpg,/furniture-corner-cushions-safety-1st-008262-120x120.jpg,,14.3 x 9.2 x 3.8cm,14.3,9.2,3.8,1,sf1_base,1
11314,Safety 1st,Finger Pinch Guard (2 Pack),Home Safety,/home-safety/finger-pinch-guard-2-pack,7.99,0.08,,Protect your child's finger from getting pinched in a closing door.,Protect little fingers with our Finger Pinch Guard.Attach this child proofing aid to household doors to prevent your children from accidentally pinching their fingers in a closing door.,,,/finger-pinch-guard-safety-1st-011314-1200x1200.jpg,/finger-pinch-guard-safety-1st-011314-450x450.jpg,/finger-pinch-guard-safety-1st-011314-120x120.jpg,,19.38 x 9.22 x 5.08cm,19.38,9.22,5.08,1,sf1_base,1
13641,Safety 1st,Grip N Twist Door Knob Cover,Home Safety,/home-safety/grip-n-twist-door-knob-cover,8.99,0.11,,"Curious kids try to explore everywhere, but Safety 1st OutSmartâ„¢ Knob Covers helps you keep them out with the first ever decoy button. Your child will think the decoy button will give access to the door knob, but pushing it has no effect. Youâ€™ll know that the flexible surface hides the actual secret to opening the door.","These door knob covers prevent your little explorer from accessing off-limit rooms. They easily snap around the door knob and can be operated with one adult hand by squeezing the flexible grips on the side. The decoy button wonâ€™t do anything when pushed, but adults in the know can lift it up to reveal the door lock. This convenient pack of two knob covers lets you safeguard two doors in your home.",,,/grip-n-twist-door-knob-cover-safety-1st-013641-1200x1200.jpg,/grip-n-twist-door-knob-cover-safety-1st-013641-450x450.jpg,/grip-n-twist-door-knob-cover-safety-1st-013641-120x120.jpg,,19.38 x 9.22 x 8.89cm,19.38,9.22,8.89,1,sf1_base,1
16531,Safety 1st,Funriture Wall Strap,Home Safety,/home-safety/funriture-wall-strap,7.99,0.18,,The passive hazard large furniture poses is a real consideration when babyproofing your home. These straps help eliminate that risk.,Keep your little explorer safer while at home with Safety 1st Furniture Straps. These sturdy straps secure your furniture to the wall and help prevent your climbing child from accidentally tipping things over.,,,/furniture-wall-strap-safety-1st-016531-1200x1200.jpg,/furniture-wall-strap-safety-1st-016531-450x450.jpg,/furniture-wall-strap-safety-1st-016531-120x120.jpg,,14.3 x 14.3 x 3.51cm,14.3,14.3,3.51,1,sf1_base,1
16553,Safety 1st,Refridgerator Door Lock Decore,Home Safety,/home-safety/refridgerator-door-lock-decore,7.99,0.08,,"large, heavy fridge doors are a risk to children, let alone the contents. Elminate the risk with this handy door lock.","Baby has already noticed your fridge contains all the good stuff. Help keep your curious toddler out of the fridge with the Safety 1st Refrigerator Door Lock. Designed to lay flat, the lock features a secure adhesive mount. This handy lock also works on freezer doors and easily disengages for periods of non-use.",,,/refrigerator-door-lock-safety-1st-016553--1200x1200.jpg,/refrigerator-door-lock-safety-1st-016553--450x450.jpg,/refrigerator-door-lock-safety-1st-016553--120x120.jpg,,19.38 x 10.49 x 2.87cm,19.38,10.49,2.87,1,sf1_base,1
16555,Safety 1st,Easy Grip Toilet Lock (2 Pack),Home Safety,/home-safety/easy-grip-toilet-lock-2-pack,15.99,0.12,,Donâ€™t let your little one's curiosity allow them into the toilet by securing it shut with the easy grip toilet lock.,You know how curious little ones can be. Help keep your child from playing in the toilet or trying to flush toys by securing the lid firmly shut. The Easy Grip Toilet Lock is one-handed for quick release. It also removes easily for cleaning or periods of non-use. It's designed with a flexible strap that allows it to fit most toilets and has adhesive backing for easy installation.,,,/easy-grip-toilet-lock-2pack-safety-1st-016555-1200x1200-1.jpg,/easy-grip-toilet-lock-2pack-safety-1st-016555-450x450-1.jpg,/easy-grip-toilet-lock-2pack-safety-1st-016555-120x120-1.jpg,,19.38 x 9.22 x 4.14cm,19.38,9.22,4.14,1,sf1_base,1
16548,Safety 1st,Top Of Window & Sliding Door Lock,Home Safety,/home-safety/top-of-window-and-sliding-door-lock,29.99,0.15,,The essential home safety product for Australian summer. Lets you open the door 3 inches for airflow but locks it from any further movement.,"The Safety 1st Sliding Door Child Lock prevents curious children from gaining access to off-limit areas. With the lock engaged, the door will only open 3 inches; enough to let in a cool breeze on a hot summer day but too narrow for a child to get through. The sleek design blends into the door frame, and top-of-the door installation makes it inaccessible to toddlers and young children. The lock easily disengages for periods of non use.",,,/top-of-window&sliding-door-lock-bty-safety-1st-016548-1200x1200.jpg,/top-of-window&sliding-door-lock-bty-safety-1st-016548-450x450.jpg,/top-of-window&sliding-door-lock-bty-safety-1st-016548-120x120.jpg,,19.38 x 9.22 x 2.87cm,19.38,9.22,2.87,1,sf1_base,1
16535,Safety 1st,Lever Handle Lock No Drill,Home Safety,/home-safety/lever-handle-lock-no-drill,24.99,0.28,,A great alternative to modifying lever door handles.,Help keep your little explorer in the child-friendly areas of your home with a No Drill Lever Handle Lock. This clever solution works with your door handle's natural motion for easy adult operation. The SecureTechÂ® locking indicator lets you see at a glance that the lock is in the secured position. The easy-to- mount design means there is no need to remove your doors hardware to install.,,,/welcome-baby-kit-artic-seville-safety-1st-016535-1200x1200-1.jpg,/welcome-baby-kit-artic-seville-safety-1st-016535-450x450-1.jpg,/welcome-baby-kit-artic-seville-safety-1st-016535-120x120-1.jpg,,14.3 x 14.3 x 7.32cm,14.3,14.3,7.32,1,sf1_base,1
8269,Safety 1st,Bath Toy Bag,Home Safety,/home-safety/bath-toy-bag,9.99,0.03,,Like the rest of us.. Clutter can present a hazard. Keep the bathroom tidy and safe with this great toy bag.,"The Bath Toy Bag neatly organises bath toys in one area, keeping the tub area clean and safe. Easy-mounting suction caps make the bag simple to install.",,,/bath-toy-bag-safety-1st-008269-1200x1200.jpg,/bath-toy-bag-safety-1st-008269-450x450.jpg,/bath-toy-bag-safety-1st-008269-120x120.jpg,,19.4 x 14.2 x 2.8cm,19.4,14.2,2.8,1,sf1_base,1
8290,Safety 1st,Bath Pal Thermometer (Duck),Home Safety,/home-safety/bath-pal-thermometer-duck,9.99,0.2,,Fun and functional. Easy to read temperature gauge helps protect your child from burns.,The Bath Pal Thermometer easily and accurately reads bath water temperature to prevent injuries from scalding water.,,,/bath-pal-thermometer-safety-1st-008290-1200x1200.jpg,/bath-pal-thermometer-safety-1st-008290-450x450.jpg,/bath-pal-thermometer-safety-1st-008290-120x120.jpg,,19.4 x 14.3 x 7.6cm,19.4,14.3,7.6,1,sf1_base,1
9731,Safety 1st,Froggy N Friends Bath Mat,Home Safety,/home-safety/froggy-n-friends-bath-mat,19.99,0.59,,slipping in the bathroom represents a real hazard. Make bathtime fun and safe at the same time with this essential bath mat.,"The Froggy and Friends Bath Mat is designed to help keep your child secure, while sitting to bathe or standing to shower. Textured for extra grip and perforated to prevent float.",,,/froggy&friends-bath-mat-safety-1st-009731-1200x1200.jpg,/froggy&friends-bath-mat-safety-1st-009731-450x450.jpg,/froggy&friends-bath-mat-safety-1st-009731-120x120.jpg,,38.1 x 7.3 x 6.9cm,38.1,7.3,6.9,1,sf1_base,1
8279,Safety 1st,Soft Spout Cover,Home Safety,/home-safety/soft-spout-cover,,,,,,,,,,,,,,,,2,sf1_base,1
12438,Safety 1st,Slip Resistant Bath Mats,Home Safety,/home-safety/slip-resistant-bath-mats,9.99,0.04,,A fun non-slip bath mat for your child.,The Slip Resistant Bath Mats have been designed to prevent children from slipping in the bath tub.The three playful designs are appealing for both children and parents.,,,/slip-resistant-bath-mats-safety-1st-012438-1200x1200.jpg,/slip-resistant-bath-mats-safety-1st-012438-450x450.jpg,/slip-resistant-bath-mats-safety-1st-012438-120x120.jpg,,19.4 x 14.3 x 1cm,19.4,14.3,1,1,sf1_base,1
12629,Safety 1st,Lobster Temperature Gauge,Home Safety,/home-safety/lobster-temperature-gauge,12.99,0.04,,A fun bath time thermometer.,The Light-up Lobster TempGuard Gauge helps ensure the bath temperature is just right for your little one in a fun way.,,,/lobster-temperature-gauge-safety-1st-012629-1200x1200.jpg,/lobster-temperature-gauge-safety-1st-012629-450x450.jpg,/lobster-temperature-gauge-safety-1st-012629-120x120.jpg,,19 x 14.2 x 5cm,19,14.2,5,1,sf1_base,1
12630,Safety 1st,Whale & Baby Spout Guard,Home Safety,/home-safety/whale-and-baby-spout-guard,12.99,0.11,,Protect against the spout and hot water.,Help prevent accidental bumps during bath time with the Whale and Baby Spout Guard from Safety 1st.,,,/whale-and-baby-spout-guard-safety-1st-012630-1200x1200.jpg,/whale-and-baby-spout-guard-safety-1st-012630-450x450.jpg,/whale-and-baby-spout-guard-safety-1st-012630-120x120.jpg,,19 x 19.4 x 10.8cm,19,19.4,10.8,1,sf1_base,1
16544,Safety 1st,Rubber Ducky Temp Guard,Home Safety,/home-safety/rubber-ducky-temp-guard,9.99,0.03,,Fun and functional. Easy to read temperature gauge helps protect your child from burns.,The Bath Pal Thermometer easily and accurately reads bath water temperature to prevent injuries from scalding water.,,,/rubber-duck-temp-guard-product-cold-safety-1st-016544-1200x1200-.jpg,/rubber-duck-temp-guard-product-cold-safety-1st-016544-450x450-.jpg,/rubber-duck-temp-guard-product-cold-safety-1st-016544-120x120-.jpg,,14.3 x 14.3 x 7.62cm,14.3,14.3,7.62,1,sf1_base,1
17119,Safety 1st,Outsmart Knob Covers (2 Pack),Home Safety,/home-safety/outsmart-knob-covers-2-pack,10.99,0.14,,"Curious kids try to explore everywhere, but Safety 1st OutSmartâ„¢ Knob Covers helps you keep them out with the first ever decoy button. Your child will think the decoy button will give access to the door knob, but pushing it has no effect. Youâ€™ll know that the flexible surface hides the actual secret to opening the door.","These door knob covers prevent your little explorer from accessing off-limit rooms. They easily snap around the door knob and can be operated with one adult hand by squeezing the flexible grips on the side. The decoy button wonâ€™t do anything when pushed, but adults in the know can lift it up to reveal the door lock. This convenient pack of two knob covers lets you safeguard two doors in your home.",,,,,,,19.38 x 9.22 x 6.35cm,19.38,9.22,6.35,1,sf1_base,1
6527,Safety 1st,Gentle Care Brush N Comb Set,Infant Health,/infant-health/gentle-care-brush-n-comb-set,8.99,0.075,,Softness is key on infant skin. Specially designed to be extra gentle.,Gently keep child's hair neat and tangle free with the Gentle Care Brush and Comb Set. Designed especially for infants and toddlers with Soft Touch handles and soft bristles.,,,/gentle-care-brush-n-comb-safety-1st-006527-1200x1200.jpg,/gentle-care-brush-n-comb-safety-1st-006527-450x450.jpg,/gentle-care-brush-n-comb-safety-1st-006527-120x120.jpg,,19.5 x 9 x 4cm,19.5,9,4,1,sf1_base,1
7875,Safety 1st,Cradle Cap Care,Infant Health,/infant-health/cradle-cap-care,9.99,0.11,,Important protection and remedy to Cradle Cap in this all in one kit.,"The Safety 1st Cradle Cap Care kit provides parents with the tools needed to aid in removing cradle cap, from mild to severe.â€‹",,,/cradle-cap-care-safety-1st-007875-1200x1200.jpg,/cradle-cap-care-safety-1st-007875-450x450.jpg,/cradle-cap-care-safety-1st-007875-120x120.jpg,,19.4 x 14.2 x 3.8cm,19.4,14.2,3.8,1,sf1_base,1
8285,Safety 1st,3-Piece Medicine Set,Infant Health,/infant-health/3-piece-medicine-set,7.99,0.06,,Dosage and delivery is important in infant medicine. This kit has 3 different tools to make life easier and more accurate.,This convenient medicine set contains three medicine dispensing options for your sick child.,,,/3pc-medicine-set-safety-1st-008285-1200x1200.jpg,/3pc-medicine-set-safety-1st-008285-450x450.jpg,/3pc-medicine-set-safety-1st-008285-120x120.jpg,,19.4 x 9.8 x 2.5cm,19.4,9.8,2.5,1,sf1_base,1
8287,Safety 1st,Clear Tip Nasal Aspirator,Infant Health,/infant-health/clear-tip-nasal-aspirator,5.99,0.06,,Another essential infant health product from Safety 1st. Newly redesigned with improved ergonomics.,The Clear Tip Nasal Aspirator has improved compression and finger grooves for proper finger placement to meet the needs of parent and baby. The aspirator contains many features that make suction easy and safe for baby.,,,/clear-tip-nasal-aspirator-safety-1st-008287-1200x1200.jpg,/clear-tip-nasal-aspirator-safety-1st-008287-450x450.jpg,/clear-tip-nasal-aspirator-safety-1st-008287-120x120.jpg,,14.2 x 9.2 x 5.7cm,14.2,9.2,5.7,1,sf1_base,1
10255,Safety 1st,Clear View Tweezers And Nail Clipper,Infant Health,/infant-health/clear-view-tweezers-and-nail-clipper,9.99,0.17,,For accurate removal of splinters and trimming of nails.,The Safety 1st Clear ViewTweezer and Nail Clipper Comboprovides you with deluxe tweezers and nail clippers.Both come with a 5x magnifying glass to help ensure accurate splinter removal and nail clipping.,,,/clear-view-tweezers-nail-clipper-combo-safety-1st-010255-1200x1200.jpg,/clear-view-tweezers-nail-clipper-combo-safety-1st-010255-450x450.jpg,/clear-view-tweezers-nail-clipper-combo-safety-1st-010255-120x120.jpg,,14.2 x 9.2 x 1.9cm,14.2,9.2,1.9,1,sf1_base,1
11330,Safety 1st,Bottle Medicine Dispenser,Infant Health,/infant-health/bottle-medicine-dispenser,6.99,0.04,,An easy way to feed your baby medicine.,"The Safety 1st Bottle Medicine Dispenser easily dispenses medicine in a familiar way. Just remove the top, fill to desired dosage and snap the top back on. It's as easy as 1-2-3!",,,,,,,19.4 x 9.2 x 4.7cm,19.4,9.2,4.7,2,sf1_base,1
13113,Safety 1st,No Scratch Mittens (2 Pack),Infant Health,/infant-health/no-scratch-mittens-2-pack,9.99,0.05,,Mittens to prevent babies from accidentally scratching themselves.,Baby's little nails can be sharp.No Scratch Mittens were designed to help prevent infants from accidentally scratching themselves.The soft cotton material is comfortable for babyand the elastic wrist bands keep them securelyin place.,,,/no-scratch-mittens-safety-1st-013113-1200x1200.jpg,/no-scratch-mittens-safety-1st-013113-450x450.jpg,/no-scratch-mittens-safety-1st-013113-120x120.jpg,,22.5 x 9.2 x 2.5cm,22.5,9.2,2.5,1,sf1_base,1
17214,Safety 1st,Steady Grip Nail Clipper,Infant Health,/infant-health/steady-grip-nail-clipper,5.99,0.06,,Ergonomic designed nail clippers for ease of use.,The premium Hospital's Choice Steady Grip Nail Clippers are specially designed with curved cutting edges to easily trim nails closely. New ergonomic design allows for ease of use and comfortable grip.,,,,,,,19.38 x 9.22 x 2.54cm,19.38,9.22,2.54,2,sf1_base,1
15551,Safety 1st,Advanced Solutions - Electronic Nasal Aspirator,Infant Health,/infant-health/advanced-solutions--electronic-nasal-aspirator,34.95,0.23,,An electronic nasal aspirator for your baby's quick and gently relief from congestion.,"Give your baby quick and gentle relief from congestion with the advanced solutions electronic nasal aspirator. The electronic function means no need to reposition the aspirator multiple times making the process easier for both you and your baby. The aspirator includes 4 soft and hygienic silicone tips. Contoured shape of aspirator body is easy to hold and the soft silicone tips can be easily sterilized. Quietly and efficiently removes excess mucus and the clear reservoir lets you know it's working. Auto shut off means aspirator stops when you want it to, while also preserving battery life.",,,/advanced-solutions-electronic-nasal-aspirator-safety-1st-015551-1200x1200.jpg,/advanced-solutions-electronic-nasal-aspirator-safety-1st-015551-450x450.jpg,/advanced-solutions-electronic-nasal-aspirator-safety-1st-015551-120x120.jpg,,19.69 x 9.4 x 6.1cm,19.69,9.4,6.1,1,sf1_base,1
12654,Safety 1st,1st Digital Thermometer,Infant Health,/infant-health/1st-digital-thermometer,12.99,0.05,,A digital thermometer for your newborn child.,,"For oral, rectal or underarm use
Flexible tip for comfort
40 second rectal reading
60 second oral and underarm reading
Automatic memory recall of last reading
Visual indicator that measurement is complete
Auto shut-off
Storage cover",,/digital-thermometer-safety-1st-012654-1200x1200.jpg,/digital-thermometer-safety-1st-012654-450x450.jpg,/digital-thermometer-safety-1st-012654-120x120.jpg,,14.2 x 9.2 x 1.9cm,14.2,9.2,1.9,1,sf1_base,1
14510,Safety 1st,1st Digital Thermometer,Infant Health,/infant-health/1st-digital-thermometer-pink,12.99,0.05,,A digital thermometer for your newborn child.,,"For oral, rectal or underarm use
  Flexible tip for comfort
  40 second rectal reading
  60 second oral and underarm reading
  Automatic memory recall of last reading
  Visual indicator that measurement is complete
  Auto shut-off
  Storage cover",,/digital-thermometer-1st-digital-safety-firtst-014510-1200x1200.jpg,/digital-thermometer-1st-digital-safety-firtst-014510-450x450.jpg,/digital-thermometer-1st-digital-safety-firtst-014510-120x120.jpg,Pink,14.2 x 9.2 x 1.9cm,14.2,9.2,1.9,1,sf1_base,1
12637,Safety 1st,Feverflash 1 Second Thermometer,Infant Health,/infant-health/feverflash-1-second-thermometer,52.99,0.17,,Fast reading thermometer.,"When it comes to your baby's health, you want fast and accurate information. The Safety 1st Fever Light 1-Second Ear Thermometer provides exactly that. With a large digital display and our Fever Light bar that lights up when children have a fever, you'll know right away if your child's temperature has risen above normal. The thermometer also features a handy memory recall to help you keep track of the past 12 readings.",,,/fever-flash-ear-thermometer-M&B-Award-safety-1st-012637-1200x1200.jpg,/fever-flash-ear-thermometer-M&B-Award-safety-1st-012637-450x450.jpg,/fever-flash-ear-thermometer-M&B-Award-safety-1st-012637-120x120.jpg,,19.7 x 13.9 x 5.7cm,19.7,13.9,5.7,1,sf1_base,1
16915,Safety 1st,Welcome Baby Nursery Collection,Infant Health,/infant-health/welcome-baby-nursery-collection,49.99,1.14,,Fantastic all in one kit.,Combines essential baby care items neatly in a quick trip nappy bag.,,,/welcome-baby-kit-artic-seville-safety-1st-016915-1200x1200.jpg,/welcome-baby-kit-artic-seville-safety-1st-016915-450x450.jpg,/welcome-baby-kit-artic-seville-safety-1st-016915-120x120.jpg,,23 x 37 x 14.5cm,23,37,14.5,1,sf1_base,1
16914,Safety 1st,Complete Grooming Kit,Infant Health,/infant-health/complete-grooming-kit,22.99,0.42,,Fantastic all in one kit.,This 18 piece Complete Grooming Kit combines all of the essential home infant grooming items neatly in a wrapping clutch case. Suitable from Newborn+.,,,/complete-grooming-kit-artic-sevillesafety-1st-016914-1200x1200-1.jpg,/complete-grooming-kit-artic-sevillesafety-1st-016914-450x450-1.jpg,/complete-grooming-kit-artic-sevillesafety-1st-016914-120x120-1.jpg,,23.19 x 21.59 x 6.35cm,23.19,21.59,6.35,1,sf1_base,1
16913,Safety 1st,Complete Healthcare Kit,Infant Health,/infant-health/complete-healthcare-kit,29.99,0.35,,Fantastic all in one kit.,All of the essential home infant healthcare items neatly in a wrapping clutch case,,,/complete-healthcare-kit-artic-seville-closed-safety-1st-016913-1200x1200.jpg,/complete-healthcare-kit-artic-seville-closed-safety-1st-016913-450x450.jpg,/complete-healthcare-kit-artic-seville-closed-safety-1st-016913-120x120.jpg,,22.86 x 21.59 x 6.35cm,22.86,21.59,6.35,1,sf1_base,1
16539,Safety 1st,Sleepy Baby Clippers,Infant Health,/infant-health/sleepy-baby-clippers,9.99,0.09,,,,,,/sleepy-baby-clippers-product-light-safety-1st-016539-1200x1200.jpg,/sleepy-baby-clippers-product-light-safety-1st-016539-450x450.jpg,/sleepy-baby-clippers-product-light-safety-1st-016539-120x120.jpg,,19.38 x 9.22 x 2.54cm,19.38,9.22,2.54,1,sf1_base,1
16543,Safety 1st,Fingertip Toothbrush & Case,Infant Health,/infant-health/fingertip-toothbrush-and-case,3.99,0.05,,New gums and teeth need specialist care before normal toothbrushing is commenced. This Kit is the perfect first step.,Good oral hygiene starts before those first teeth emerge. The Fingertip Toothbrush by Safety 1st makes it easy to massage your baby's gums and brush those first teeth. The included case helps you keep the toothbrush clean and ready for use.,,,/fingertip-toothbrush&case-safety-1st-016543-1200x1200-.jpg,/fingertip-toothbrush&case-safety-1st-016543-450x450-.jpg,/fingertip-toothbrush&case-safety-1st-016543-120x120-.jpg,,14.3 x 9.22 x 3.81cm,14.3,9.22,3.81,1,sf1_base,1
16542,Safety 1st,Emery Boards & Case (10 Pack),Infant Health,/infant-health/10-pkt-emery-boards-and-case,3.99,0.02,,,,,,/emery-board&travel-case-safety-1st-016542-1200x1200.jpg,/emery-board&travel-case-safety-1st-016542-450x450.jpg,/emery-board&travel-case-safety-1st-016542-120x120.jpg,,14.3 x 9.22 x 0.64cm,14.3,9.22,0.64,1,sf1_base,1
16540,Safety 1st,3 Piece Oral Grow With Me Kit,Infant Health,/infant-health/3-piece-oral-grow-with-me-kit,7.99,0.09,,All in one to help make the transition to adult toothbrush easier.,"Start a lifetime of good dental care early with a Grow-With-Me Oral Care Set from Safety 1st. This grow along kit covers infant and toddler needs. Start with a fingertip toothbrush that is great for softly stimulating gums during teething which includes a case for storage. The toddler toothbrush is designed with an chunky handle, making it easy for little hands to get a good grip.",,,/3-piece-oral-grow-with-me-kit-package-safety-1st-016540-1200x1200.jpg,/3-piece-oral-grow-with-me-kit-package-safety-1st-016540-450x450.jpg,/3-piece-oral-grow-with-me-kit-package-safety-1st-016540-120x120.jpg,,19.38 x 9.22 x 3.81cm,19.38,9.22,3.81,1,sf1_base,1
16541,Safety 1st,Basic Brush & Comb,Infant Health,/infant-health/basic-brush-and-comb,2.99,0.06,,,,,,,,,,19.38 x 9.22 x 5.72cm,19.38,9.22,5.72,2,sf1_base,1
16556,Safety 1st,Baby Care Basics,Infant Health,/infant-health/baby-care-basics,9.99,0.13,,The must have kit for baby care.,"Get four essential items to care for your baby in one convenient package with Baby Care Basics by Safety 1st. The brush with soft bristles and fine-tooth comb help tame unruly hair. The fold up nail clippers are sized just right for your child's smaller nails. The nasal aspirator features a small, flexible tip making it comfortable for your baby. These are four basics no nursery or diaper bag should be without.","4 Essentials for bringing baby home
  Baby's 1st brush & comb
  Fold-up nail clippers
  Nasal aspirator",,,,,,19.38 x 14.3 x 6.35cm,19.38,14.3,6.35,2,sf1_base,1
14912,Safety 1st,Wanderer Bassinette,Accessories,/accessories/wanderer-bassinette,189.00,1,,,Stylish and comfortable portable bassinettedesigned for babys comfort.,,,/bassinette-wanderer-bassinette-safety-1st-014912-1200x1200.jpg,/bassinette-wanderer-bassinette-safety-1st-014912-450x450.jpg,/bassinette-wanderer-bassinette-safety-1st-014912-120x120.jpg,Black,,,,,1,sf1_base,1
15607,Safety 1st,Envy Stroller,Prams,/prams/envy-stroller,629.00,1,,Multi-position reclining strolleroffering comfort for baby and parents,The Safety 1st Envy Stroller is a multi-function stroller with a series of optional accessories to convert your Safety 1st Envy from a single to a double stroller or a complete travel system.,,,,,,Bold Black,,,,,2,sf1_base,1
16916,Safety 1st,Visto,Prams,/prams/visto,499.00,1,,"The Visto 4-Wheel Stroller is our vote for a feature packed, stylish stroller. The ultimate newborn travel stroller, the Visto is lightweight and features a compact fold, perfect for smaller vehicles. Other features include a fully reclinable seat for a newborn, height adjustable handle bar, lockable front wheels, linked one-foot brake, an extendable sun canopy with breathable mesh insert and viewing window. Parents will love the extra large shopping basket, and reversible seat liner, that allows you to change your Visto, depending on your mood.The Visto 4 is compatible with Maxi Cosi capsules (adaptors sold separately) and can be used from birth to approximately 4 years (17kg).","The Visto 4-Wheel Stroller is our vote for a feature packed, stylish stroller. The ultimate newborn travel stroller, the Visto is lightweight and features a compact fold, perfect for smaller vehicles. Other features include a fully reclinable seat for a newborn, height adjustable handle bar, lockable front wheels, linked one-foot brake, an extendable sun canopy with breathable mesh insert and viewing window. Parents will love the extra large shopping basket, and reversible seat liner, that allows you to change your Visto, depending on your mood.The Visto 4 is compatible with Maxi Cosi capsules (adaptors sold separately) and can be used from birth to approximately 4 years (17kg).Available in 3 colours - Dusk Grey, Sunset Red and Horizon Blue.",,,/visto-4-wheel-stroller-horizon-blue-3qtr-safety-1st-016916-1200x1200.jpg,/visto-4-wheel-stroller-horizon-blue-3qtr-safety-1st-016916-450x450.jpg,/visto-4-wheel-stroller-horizon-blue-3qtr-safety-1st-016916-120x120.jpg,Horizon Blue,,,,,1,sf1_base,1
16917,Safety 1st,Visto,Prams,/prams/visto,499.00,1,,"The Visto 4-Wheel Stroller is our vote for a feature packed, stylish stroller. The ultimate newborn travel stroller, the Visto is lightweight and features a compact fold, perfect for smaller vehicles. Other features include a fully reclinable seat for a newborn, height adjustable handle bar, lockable front wheels, linked one-foot brake, an extendable sun canopy with breathable mesh insert and viewing window. Parents will love the extra large shopping basket, and reversible seat liner, that allows you to change your Visto, depending on your mood.The Visto 4 is compatible with Maxi Cosi capsules (adaptors sold separately) and can be used from birth to approximately 4 years (17kg).",,,,,,,Sunset Red,,,,,2,sf1_base,1
16918,Safety 1st,Visto,Prams,/prams/visto,499.00,1,,"The Visto 4-Wheel Stroller is our vote for a feature packed, stylish stroller. The ultimate newborn travel stroller, the Visto is lightweight and features a compact fold, perfect for smaller vehicles. Other features include a fully reclinable seat for a newborn, height adjustable handle bar, lockable front wheels, linked one-foot brake, an extendable sun canopy with breathable mesh insert and viewing window. Parents will love the extra large shopping basket, and reversible seat liner, that allows you to change your Visto, depending on your mood.The Visto 4 is compatible with Maxi Cosi capsules (adaptors sold separately) and can be used from birth to approximately 4 years (17kg).",,,,,,,Dusk Grey,,,,,2,sf1_base,1
17003,Safety 1st,Wanderer X,Prams,/prams/wanderer-x,549.00,1,,"TheSafety 1st Wanderer Xis the ultimate all terrain 3 Wheel Stroller. With maintenance free, Never Flat tyres, rear wheel suspension, travel system compatibility with the Maxi-Cosi infant carriers, and our NEW Natural Antibacterial Protection theWanderer X is designed for tackling all surfaces from city streets to bush tracks, with ease.","TheSafety 1st Wanderer Xis the ultimate all terrain 3 Wheel Stroller. With maintenance free, Never Flat tyres, rear wheel suspension, travel system compatibility with the Maxi-Cosi infant carriers, and our NEW Natural Antibacterial Protection theWanderer X is designed for tackling all surfaces from city streets to bush tracks, with ease.",,,/wanderer-x-3-wheel-stroller-blue-horizon-3qtr-safety-1st-017003-1200x1200.jpg,/wanderer-x-3-wheel-stroller-blue-horizon-3qtr-safety-1st-017003-450x450.jpg,/wanderer-x-3-wheel-stroller-blue-horizon-3qtr-safety-1st-017003-120x120.jpg,Horizon Blue,,,,,1,sf1_base,1
17002,Safety 1st,Wanderer X,Prams,/prams/wanderer-x,549.00,1,,"TheSafety 1st Wanderer Xis the ultimate all terrain 3 Wheel Stroller. With maintenance free, Never Flat tyres, rear wheel suspension, travel system compatibility with the Maxi-Cosi infant carriers, and our NEW Natural Antibacterial Protection theWanderer X is designed for tackling all surfaces from city streets to bush tracks, with ease.",,,,,,,Dusk Grey,,,,,2,sf1_base,1
14398,Safety 1st,Child Restraint Extension Strap 300mm,Travel Safety,/travel-safety/child-restraint-extension-strap-300mm,19.99,0.1,,Extension strap to extend the life of your Safety 1st product.,Lengthens upper anchorage strap when additional length is required to connect to anchor point.,,,,,,,14 x 8 x 3cm,14,8,3,2,sf1_base,1
14399,Safety 1st,Child Restraint Extension Strap 600mm,Travel Safety,/travel-safety/child-restraint-extension-strap-600mm,19.99,0.1,,Extension strap to extend the life of your Safety 1st product.,Lengthens upper anchorage strap when additional length is required to connect to anchor point.,,,,,,,14 x 8 x 3cm,14,8,3,2,sf1_base,1
14401,Safety 1st,Child Restraint Locking Clip,Travel Safety,/travel-safety/child-restraint-locking-clip,7.99,0.04,,Handy clip to stop undesired seatbelt adjustment.,"Used to join the lap and sash on an adult seatbelt together to convert seatbelt to lap belt. Prevents the seatbelt slipping, loosening or tightening when fed through the child restraint.",,,/belt-converter-safety-1st-014401-1200x1200.jpg,/belt-converter-safety-1st-014401-450x450.jpg,/belt-converter-safety-1st-014401-120x120.jpg,,14 x 8 x 3cm,14,8,3,1,sf1_base,1
7830,Safety 1st,Complete Coverage Deluxe Roller Shade,Travel Safety,/travel-safety/complete-coverage-deluxe-roller-shade,8.99,0.27,,Keep baby cool and protected with this versatile deluxe roller shade.,This year round Roller Shade is designed to protect young children from the sun's dangerous rays. This durable shield may either be clipped onto a partially opened window or attached to a closed window with suction cups.,,,/complete-coverage-roller-shade-safety-1st-007830-1200x1200.jpg,/complete-coverage-roller-shade-safety-1st-007830-450x450.jpg,/complete-coverage-roller-shade-safety-1st-007830-120x120.jpg,,49.8 x 9.2 x 3.8cm,49.8,9.2,3.8,1,sf1_base,1
8261,Safety 1st,Baby On Board Sign,Travel Safety,/travel-safety/baby-on-board-sign-yellow,4.99,0.04,,The original baby on board sign!,"This original Baby on Board sign will encourage drivers to use caution when approaching cars with young passengers. Sign is clearly visible from distance, and adheres to any car window.",,,/baby-on-board-sign-yellow-safety-1st-008261-1200x1200.jpg,/baby-on-board-sign-yellow-safety-1st-008261-450x450.jpg,/baby-on-board-sign-yellow-safety-1st-008261-120x120.jpg,Yellow,19.4 x 14.3 x 0.96cm,19.4,14.3,0.96,1,sf1_base,1
13327,Safety 1st,Baby On Board Sign,Travel Safety,/travel-safety/baby-on-board-sign-pink,4.99,0.04,,The original baby on board sign!,"This original Baby on Board sign will encourage drivers to use caution when approaching cars with young passengers. Sign is clearly visible from distance, and adheres to any car window.",,,/baby-on-board-sign-pink-safety-1st-013327-1200x1200.jpg,/baby-on-board-sign-pink-safety-1st-013327-450x450.jpg,/baby-on-board-sign-pink-safety-1st-013327-120x120.jpg,Pink,19.4 x 14.3 x 0.96cm,19.4,14.3,0.96,1,sf1_base,1
13328,Safety 1st,Baby On Board Sign,Travel Safety,/travel-safety/baby-on-board-sign-blue,4.99,0.04,,The original baby on board sign!,"This original Baby on Board sign will encourage drivers to use caution when approaching cars with young passengers. Sign is clearly visible from distance, and adheres to any car window.",,,/baby-on-board-sign-blue-safety-1st-013328-1200x1200.jpg,/baby-on-board-sign-blue-safety-1st-013328-450x450.jpg,/baby-on-board-sign-blue-safety-1st-013328-120x120.jpg,Blue,19.4 x 14.3 x 0.96cm,19.4,14.3,0.96,1,sf1_base,1
8263,Safety 1st,Stroller Weather Shield,Travel Safety,/travel-safety/stroller-weather-shield,17.99,0.33,,Be prepared for a change in the weather with this easy to stow stroller weather shield.,The Safety 1st Stroller Weather Shield is a lightweight plastic cover that quickly and easily fits over all standard strollers to help keep children dry in the rain.,,,/complete-coverage-roller-shade-safety-1st-008263-1200x1200.jpg,/complete-coverage-roller-shade-safety-1st-008263-450x450.jpg,/complete-coverage-roller-shade-safety-1st-008263-120x120.jpg,,19.5 x 19.5 x 3.8cm,19.5,19.5,3.8,1,sf1_base,1
8264,Safety 1st,Front Or Back Baby View Mirror,Travel Safety,/travel-safety/front-or-back-baby-view-mirror,7.99,0.1,,A great way to keep you and your baby safe on the roads. Quick and easy swivel mount.,Keep an eye on baby while driving with the Front or Back Baby View Mirror The mirror securely suctions to the back or side car window and the unique swivel feature allows parents to make adjustments so that they can gain a clear view of babyâ€™s actions. The mirror will clip to the visor when baby is old enough to sit facing forward.,,,/front-or-back-baby-view-mirror-safety-1st-008264-1200x1200.jpg,/front-or-back-baby-view-mirror-safety-1st-008264-450x450.jpg,/front-or-back-baby-view-mirror-safety-1st-008264-120x120.jpg,,14.3 x 14.3 x 3.8cm,14.3,14.3,3.8,1,sf1_base,1
9955,Safety 1st,Safety Harness,Travel Safety,/travel-safety/safety-harness,13.99,0.15,,busy public places makes it easy for your tot to get disctracted or lost. The safety harness makes life easier when out and about.,"The Safety Harness is designed to keep tots close while shopping and travelling. It is made of soft, webbed material and adjusts to fit growing toddlers.",,,/safety-harness-safety-1st-009955-1200x1200.jpg,/safety-harness-safety-1st-009955-450x450.jpg,/safety-harness-safety-1st-009955-120x120.jpg,,14.3 x 14.3 x 5.08cm,14.3,14.3,5.08,1,sf1_base,1
10398,Safety 1st,Complete Coverage Deluxe Roller Shade (2 Pack),Travel Safety,/travel-safety/complete-coverage-deluxe-roller-shade-2-pack,14.99,0.42,,Keep baby cool and protected with this versatile deluxe roller shade.,This year round Roller Shade is designed to protect young children from the sun's dangerous rays. This durable shield may either be clipped onto a partially opened window or attached to a closed window with suction cups.,,,,,,,50.5 x 9.2 x 5.7cm,50.5,9.2,5.7,2,sf1_base,1
13326,Safety 1st,Deluxe Roller Shade (Assorted Designs),Travel Safety,/travel-safety/deluxe-roller-shade-assorted-designs,10.99,0.19,,Keep baby cool and protected with this versatile deluxe roller shade.,This year round Roller Shade is designed to protect young children from the sun's dangerous rays. This durable shield may either be clipped onto a partially opened window or attached to a closed window with suction cups.,,,/deluxe-roller-shade-assorted-patterns-safety-1st-013326-1-1200x1200.jpg,/deluxe-roller-shade-assorted-patterns-safety-1st-013326-1-450x450.jpg,/deluxe-roller-shade-assorted-patterns-safety-1st-013326-1-120x120.jpg,,50.5 x 9.2 x 3.8cm,50.5,9.2,3.8,1,sf1_base,1
14795,Safety 1st,Organiser Clip,Travel Safety,/travel-safety/organiser-clip,11.99,0.12,,"Strong, easy to use carabiner clip with padding","The Organiser Clip is perfect for shopping trolleys. To collect all your parcels on one clip. Simply open, hook it on and you're ready to go!",,,/orgainiser-clip-safety-first-014795-1200x1200.jpg,/orgainiser-clip-safety-first-014795-450x450.jpg,/orgainiser-clip-safety-first-014795-120x120.jpg,,19.2 x 14.3 x 2.5cm,19.2,14.3,2.5,1,sf1_base,1
16538,Safety 1st,Complete Coverage Super Roller Shade,Travel Safety,/travel-safety/complete-coverage-super-roller-shade,12.99,0.42,,,,,,,,,,57.15 x 9.22 x 3.18cm,57.15,9.22,3.18,2,sf1_base,1